-- ============================================================
-- EMA Seed Data
-- Run AFTER schema.sql
-- ============================================================

-- Users (password: "password123" — bcrypt hash for demo)
INSERT INTO users (id, name, email, password_hash, department, role) VALUES
  ('u1000000-0000-0000-0000-000000000001', 'สมชาย ใจดี',    'somchai@company.th', '$2b$10$X9xVMU5YmqOoSEyj0K5rouv5MKnG9FrEkB.Z5RHd5SkVVrA/rQmYu', 'Operations', 'employee'),
  ('u1000000-0000-0000-0000-000000000002', 'สมศักดิ์ มั่นคง', 'somsak@company.th',  '$2b$10$X9xVMU5YmqOoSEyj0K5rouv5MKnG9FrEkB.Z5RHd5SkVVrA/rQmYu', 'Operations', 'manager'),
  ('u1000000-0000-0000-0000-000000000003', 'วิภา รักงาน',    'wipa@company.th',    '$2b$10$X9xVMU5YmqOoSEyj0K5rouv5MKnG9FrEkB.Z5RHd5SkVVrA/rQmYu', 'Finance',    'finance'),
  ('u1000000-0000-0000-0000-000000000004', 'ประยุทธ์ ผู้นำ',  'prayuth@company.th', '$2b$10$X9xVMU5YmqOoSEyj0K5rouv5MKnG9FrEkB.Z5RHd5SkVVrA/rQmYu', 'Executive',  'md'),
  ('u1000000-0000-0000-0000-000000000005', 'สุดา มีสุข',     'suda@company.th',    '$2b$10$X9xVMU5YmqOoSEyj0K5rouv5MKnG9FrEkB.Z5RHd5SkVVrA/rQmYu', 'HR',         'employee'),
  ('u1000000-0000-0000-0000-000000000006', 'Admin ระบบ',     'admin@company.th',   '$2b$10$X9xVMU5YmqOoSEyj0K5rouv5MKnG9FrEkB.Z5RHd5SkVVrA/rQmYu', 'IT',         'admin');

-- Categories
INSERT INTO categories (id, name_th, name_en, gl_account) VALUES
  ('c0000000-0000-0000-0000-000000000001', 'เงินสดย่อย',           'Petty Cash',              '6101'),
  ('c0000000-0000-0000-0000-000000000002', 'เดินทาง',              'Business Trip',           '6201'),
  ('c0000000-0000-0000-0000-000000000003', 'ที่พัก',               'Accommodation',           '6202'),
  ('c0000000-0000-0000-0000-000000000004', 'อาหาร/ต้อนรับ',       'Meal / Entertainment',    '6301'),
  ('c0000000-0000-0000-0000-000000000005', 'อบรม',                'Training',                '6401'),
  ('c0000000-0000-0000-0000-000000000006', 'ค่ารักษาพยาบาล',      'Medical',                 '6501'),
  ('c0000000-0000-0000-0000-000000000007', 'โทรศัพท์/อินเทอร์เน็ต','Telephone / Internet',   '6601'),
  ('c0000000-0000-0000-0000-000000000008', 'เครื่องเขียน',         'Office Supplies',         '6701'),
  ('c0000000-0000-0000-0000-000000000009', 'ยานพาหนะ',            'Vehicle / Transportation', '6801'),
  ('c0000000-0000-0000-0000-000000000010', 'ซ่อมบำรุง',           'Maintenance',             '6901'),
  ('c0000000-0000-0000-0000-000000000011', 'โฆษณา/การตลาด',      'Advertising / Marketing', '7001'),
  ('c0000000-0000-0000-0000-000000000012', 'ค่าวิชาชีพ/กฎหมาย',  'Legal / Professional Fee','7101'),
  ('c0000000-0000-0000-0000-000000000013', 'ประกันภัย',            'Insurance',               '7201'),
  ('c0000000-0000-0000-0000-000000000014', 'สาธารณูปโภค',         'Utilities',               '7301'),
  ('c0000000-0000-0000-0000-000000000015', 'อื่นๆ',               'Other',                   '6999'),
  ('c0000000-0000-0000-0000-000000000016', 'กำหนดเอง',            'Custom',                  '9999', FALSE);

-- Sample Expense Requests
INSERT INTO expense_requests
  (id, reference_no, title, category_id, expense_date, amount, vat_amount, description, status, created_by, current_tier, current_approver, submitted_at, paid_at)
VALUES
  ('e0000001-0000-0000-0000-000000000001','EXP-2026-0042','ค่าเดินทางประชุมต่างจังหวัด',
   'c0000000-0000-0000-0000-000000000002','2026-06-10',12000,840,'เดินทางไปประชุมที่เชียงใหม่','pending',
   'u1000000-0000-0000-0000-000000000001',1,'u1000000-0000-0000-0000-000000000002','2026-06-10T09:01:00Z',NULL),

  ('e0000001-0000-0000-0000-000000000002','EXP-2026-0041','อบรมหลักสูตร Leadership',
   'c0000000-0000-0000-0000-000000000005','2026-06-05',25000,1750,'','pending',
   'u1000000-0000-0000-0000-000000000005',1,'u1000000-0000-0000-0000-000000000002','2026-06-05T10:05:00Z',NULL),

  ('e0000001-0000-0000-0000-000000000003','EXP-2026-0040','ค่าซื้ออุปกรณ์สำนักงาน',
   'c0000000-0000-0000-0000-000000000008','2026-06-01',3500,245,'กระดาษ A4 + หมึกพิมพ์','paid',
   'u1000000-0000-0000-0000-000000000001',1,NULL,'2026-06-01T08:30:00Z','2026-06-09T14:00:00Z'),

  ('e0000001-0000-0000-0000-000000000004','EXP-2026-0039','ค่ารักษาพยาบาล',
   'c0000000-0000-0000-0000-000000000006','2026-05-28',8200,0,'ค่าตรวจสุขภาพประจำปี','rejected',
   'u1000000-0000-0000-0000-000000000001',1,NULL,'2026-05-28T11:30:00Z',NULL),

  ('e0000001-0000-0000-0000-000000000005','EXP-2026-0038','ค่าโทรศัพท์รายเดือน',
   'c0000000-0000-0000-0000-000000000007','2026-06-01',1500,105,'ค่าโทรศัพท์เดือนมิถุนายน','approved',
   'u1000000-0000-0000-0000-000000000005',1,NULL,'2026-06-02T09:00:00Z',NULL);

-- Approval Logs
INSERT INTO approval_logs (request_id, tier, action, actor_id, actor_name, comment, timestamp) VALUES
  ('e0000001-0000-0000-0000-000000000001',1,'submitted','u1000000-0000-0000-0000-000000000001','สมชาย ใจดี','','2026-06-10T09:01:00Z'),
  ('e0000001-0000-0000-0000-000000000003',1,'approved', 'u1000000-0000-0000-0000-000000000002','สมศักดิ์ มั่นคง','อนุมัติ','2026-06-02T10:00:00Z'),
  ('e0000001-0000-0000-0000-000000000003',0,'paid',     'u1000000-0000-0000-0000-000000000003','วิภา รักงาน','โอนเงินแล้ว','2026-06-09T14:00:00Z'),
  ('e0000001-0000-0000-0000-000000000004',1,'rejected', 'u1000000-0000-0000-0000-000000000002','สมศักดิ์ มั่นคง','เอกสารไม่ครบ','2026-05-30T09:00:00Z');

-- D365 Sync Logs
INSERT INTO d365_sync_logs (request_id, ap_invoice_no, sync_status, retry_count, error_message, synced_at) VALUES
  ('e0000001-0000-0000-0000-000000000003','AP-00123','success',0,NULL,'2026-06-09T08:00:00Z'),
  ('e0000001-0000-0000-0000-000000000004','',        'error',  2,'Vendor not found in D365 — Employee ID: EMP-0042',NULL),
  ('e0000001-0000-0000-0000-000000000005','',        'pending',0,NULL,NULL);

-- Notifications
INSERT INTO notifications (user_id, type, title, message, is_read, link_to) VALUES
  ('u1000000-0000-0000-0000-000000000001','approved','EXP-0040 ได้รับการอนุมัติ','โดย สมศักดิ์ มั่นคง',FALSE,'/expenses/e0000001-0000-0000-0000-000000000003'),
  ('u1000000-0000-0000-0000-000000000002','overdue','EXP-0041 รออนุมัติ 3 วันแล้ว','ต้องการการดำเนินการ',FALSE,'/approvals'),
  ('u1000000-0000-0000-0000-000000000003','d365_error','D365 Sync ล้มเหลว EXP-0039','กรุณาตรวจสอบ',FALSE,'/finance/d365-sync'),
  ('u1000000-0000-0000-0000-000000000001','rejected','EXP-0039 ถูกปฏิเสธ','เอกสารไม่ครบ',TRUE,'/expenses/e0000001-0000-0000-0000-000000000004');
